Algoritmo,Acurácia,Precisão,Recall,F1-score,Parametros
KNN,0.7393205016658532,0.7389706022569165,0.739219149582293,0.7390472040901634,"{'n_neighbors': 13, 'metric': 'euclidean', 'weights': 'uniform'}"
Decision Tree,0.9133119707998217,0.914176630229552,0.9124467474704456,0.9130165972541007,"{'criterion': 'entropy', 'max_depth': 12, 'min_samples_split': 2, 'min_samples_leaf': 1}"
Rede Neural (MLP),0.8858943615644165,0.8862329969598335,0.8851972307322404,0.8855728117731847,"{'hidden_layer_sizes': (100, 100), 'activation': 'relu', 'solver': 'adam', 'learning_rate_init': 0.001, 'max_iter': 200, 'batch_size': 32}"
Regressão Logística,0.7336332576448867,0.7406806741458968,0.7296032326707906,0.7291073195752978,"{'solver': 'lbfgs', 'penalty': 'l2', 'max_iter': 100}"
Random Forest,0.9339600619654945,0.9344678996041671,0.9333629063191213,0.9337776779491391,"{'n_estimators': 100, 'criterion': 'entropy'}"
