Algoritmo,Acurácia,Precisão,Recall,F1-score,Parametros
KNN,0.8610431340837997,0.8619834059834246,0.859867691706266,0.8604725993168125,"{'n_neighbors': 20, 'metric': 'manhattan', 'weights': 'distance'}"
KNN,0.8610431340837997,0.8619834059834246,0.859867691706266,0.8604725993168125,"{'n_neighbors': 20, 'metric': 'manhattan', 'weights': 'distance'}"
